"id","name","zipcode","country_id/id","state_id/id"
"1","Medellín","05001","base.co","base.state_co_01"
"2","Abejorral","05002","base.co","base.state_co_01"
"3","Abriaquí","05004","base.co","base.state_co_01"
"4","Alejandría","05021","base.co","base.state_co_01"
"5","Amagá","05030","base.co","base.state_co_01"
"6","Amalfi","05031","base.co","base.state_co_01"
"7","Andes","05034","base.co","base.state_co_01"
"8","Angelópolis","05036","base.co","base.state_co_01"
"9","Angostura","05038","base.co","base.state_co_01"
"10","Anorí","05040","base.co","base.state_co_01"
"11","Santa Fé De Antioquia","05042","base.co","base.state_co_01"
"12","Anzá","05044","base.co","base.state_co_01"
"13","Apartadó","05045","base.co","base.state_co_01"
"14","Arboletes","05051","base.co","base.state_co_01"
"15","Argelia","05055","base.co","base.state_co_01"
"16","Armenia","05059","base.co","base.state_co_01"
"17","Barbosa","05079","base.co","base.state_co_01"
"18","Belmira","05086","base.co","base.state_co_01"
"19","Bello","05088","base.co","base.state_co_01"
"20","Betania","05091","base.co","base.state_co_01"
"21","Betulia","05093","base.co","base.state_co_01"
"22","Ciudad Bolívar ","05101","base.co","base.state_co_01"
"23","Briceño","05107","base.co","base.state_co_01"
"24","Buriticá","05113","base.co","base.state_co_01"
"25","Cáceres","05120","base.co","base.state_co_01"
"26","Caicedo","05125","base.co","base.state_co_01"
"27","Caldas","05129","base.co","base.state_co_01"
"28","Campamento","05134","base.co","base.state_co_01"
"29","Cañasgordas","05138","base.co","base.state_co_01"
"30","Caracolí","05142","base.co","base.state_co_01"
"31","Caramanta","05145","base.co","base.state_co_01"
"32","Carepa","05147","base.co","base.state_co_01"
"33","El Carmen De Viboral","05148","base.co","base.state_co_01"
"34","Carolina","05150","base.co","base.state_co_01"
"35","Caucasia","05154","base.co","base.state_co_01"
"36","Chigorodó","05172","base.co","base.state_co_01"
"37","Cisneros","05190","base.co","base.state_co_01"
"38","Cocorná","05197","base.co","base.state_co_01"
"39","Concepción","05206","base.co","base.state_co_01"
"40","Concordia","05209","base.co","base.state_co_01"
"41","Copacabana","05212","base.co","base.state_co_01"
"42","Dabeiba","05234","base.co","base.state_co_01"
"43","Donmatías","05237","base.co","base.state_co_01"
"44","Ebéjico","05240","base.co","base.state_co_01"
"45","El Bagre ","05250","base.co","base.state_co_01"
"46","Entrerríos","05264","base.co","base.state_co_01"
"47","Envigado","05266","base.co","base.state_co_01"
"48","Fredonia","05282","base.co","base.state_co_01"
"49","Frontino","05284","base.co","base.state_co_01"
"50","Giraldo","05306","base.co","base.state_co_01"
"51","Girardota","05308","base.co","base.state_co_01"
"52","Gómez Plata ","05310","base.co","base.state_co_01"
"53","Granada","05313","base.co","base.state_co_01"
"54","Guadalupe","05315","base.co","base.state_co_01"
"55","Guarne","05318","base.co","base.state_co_01"
"56","Guatapé","05321","base.co","base.state_co_01"
"57","Heliconia","05347","base.co","base.state_co_01"
"58","Hispania","05353","base.co","base.state_co_01"
"59","Itagüí","05360","base.co","base.state_co_01"
"60","Ituango","05361","base.co","base.state_co_01"
"61","Jardín","05364","base.co","base.state_co_01"
"62","Jericó","05368","base.co","base.state_co_01"
"63","La Ceja ","05376","base.co","base.state_co_01"
"64","La Estrella ","05380","base.co","base.state_co_01"
"65","La Pintada ","05390","base.co","base.state_co_01"
"66","La Unión ","05400","base.co","base.state_co_01"
"67","Liborina","05411","base.co","base.state_co_01"
"68","Maceo","05425","base.co","base.state_co_01"
"69","Marinilla","05440","base.co","base.state_co_01"
"70","Montebello","05467","base.co","base.state_co_01"
"71","Murindó","05475","base.co","base.state_co_01"
"72","Mutatá","05480","base.co","base.state_co_01"
"73","Nariño","05483","base.co","base.state_co_01"
"74","Necoclí","05490","base.co","base.state_co_01"
"75","Nechí","05495","base.co","base.state_co_01"
"76","Olaya","05501","base.co","base.state_co_01"
"77","Peñol","05541","base.co","base.state_co_01"
"78","Peque","05543","base.co","base.state_co_01"
"79","Pueblorrico","05576","base.co","base.state_co_01"
"80","Puerto Berrío ","05579","base.co","base.state_co_01"
"81","Puerto Nare ","05585","base.co","base.state_co_01"
"82","Puerto Triunfo ","05591","base.co","base.state_co_01"
"83","Remedios","05604","base.co","base.state_co_01"
"84","Retiro","05607","base.co","base.state_co_01"
"85","Rionegro","05615","base.co","base.state_co_01"
"86","Sabanalarga","05628","base.co","base.state_co_01"
"87","Sabaneta","05631","base.co","base.state_co_01"
"88","Salgar","05642","base.co","base.state_co_01"
"89","San Andrés De Cuerquía","05647","base.co","base.state_co_01"
"90","San Carlos ","05649","base.co","base.state_co_01"
"91","San Francisco ","05652","base.co","base.state_co_01"
"92","San Jerónimo ","05656","base.co","base.state_co_01"
"93","San José De La Montaña ","05658","base.co","base.state_co_01"
"94","San Juan De Urabá","05659","base.co","base.state_co_01"
"95","San Luis ","05660","base.co","base.state_co_01"
"96","San Pedro De Los Milagros ","05664","base.co","base.state_co_01"
"97","San Pedro De Urabá","05665","base.co","base.state_co_01"
"98","San Rafael ","05667","base.co","base.state_co_01"
"99","San Roque ","05670","base.co","base.state_co_01"
"100","San Vicente Ferrer","05674","base.co","base.state_co_01"
"101","Santa Bárbara ","05679","base.co","base.state_co_01"
"102","Santa Rosa De Osos","05686","base.co","base.state_co_01"
"103","Santo Domingo ","05690","base.co","base.state_co_01"
"104","El Santuario ","05697","base.co","base.state_co_01"
"105","Segovia","05736","base.co","base.state_co_01"
"106","Sonsón","05756","base.co","base.state_co_01"
"107","Sopetrán","05761","base.co","base.state_co_01"
"108","Támesis","05789","base.co","base.state_co_01"
"109","Tarazá","05790","base.co","base.state_co_01"
"110","Tarso","05792","base.co","base.state_co_01"
"111","Titiribí","05809","base.co","base.state_co_01"
"112","Toledo","05819","base.co","base.state_co_01"
"113","Turbo","05837","base.co","base.state_co_01"
"114","Uramita","05842","base.co","base.state_co_01"
"115","Urrao","05847","base.co","base.state_co_01"
"116","Valdivia","05854","base.co","base.state_co_01"
"117","Valparaíso","05856","base.co","base.state_co_01"
"118","Vegachí","05858","base.co","base.state_co_01"
"119","Venecia","05861","base.co","base.state_co_01"
"120","Vigía Del Fuerte","05873","base.co","base.state_co_01"
"121","Yalí","05885","base.co","base.state_co_01"
"122","Yarumal","05887","base.co","base.state_co_01"
"123","Yolombó","05890","base.co","base.state_co_01"
"124","Yondó","05893","base.co","base.state_co_01"
"125","Zaragoza","05895","base.co","base.state_co_01"
"126","Barranquilla","08001","base.co","base.state_co_02"
"127","Baranoa","08078","base.co","base.state_co_02"
"128","Campo De La Cruz","08137","base.co","base.state_co_02"
"129","Candelaria","08141","base.co","base.state_co_02"
"130","Galapa","08296","base.co","base.state_co_02"
"131","Juan De Acosta","08372","base.co","base.state_co_02"
"132","Luruaco","08421","base.co","base.state_co_02"
"133","Malambo","08433","base.co","base.state_co_02"
"134","Manatí","08436","base.co","base.state_co_02"
"135","Palmar De Varela","08520","base.co","base.state_co_02"
"136","Piojó","08549","base.co","base.state_co_02"
"137","Polonuevo","08558","base.co","base.state_co_02"
"138","Ponedera","08560","base.co","base.state_co_02"
"139","Puerto Colombia ","08573","base.co","base.state_co_02"
"140","Repelón","08606","base.co","base.state_co_02"
"141","Sabanagrande","08634","base.co","base.state_co_02"
"142","Sabanalarga","08638","base.co","base.state_co_02"
"143","Santa Lucía ","08675","base.co","base.state_co_02"
"144","Santo Tomás ","08685","base.co","base.state_co_02"
"145","Soledad","08758","base.co","base.state_co_02"
"146","Suan","08770","base.co","base.state_co_02"
"147","Tubará","08832","base.co","base.state_co_02"
"148","Usiacurí","08849","base.co","base.state_co_02"
"149","Bogotá, D.c. ","11001","base.co","base.state_co_03"
"150","Cartagena De Indias","13001","base.co","base.state_co_04"
"151","Achí","13006","base.co","base.state_co_04"
"152","Altos Del Rosario","13030","base.co","base.state_co_04"
"153","Arenal","13042","base.co","base.state_co_04"
"154","Arjona","13052","base.co","base.state_co_04"
"155","Arroyohondo","13062","base.co","base.state_co_04"
"156","Barranco De Loba","13074","base.co","base.state_co_04"
"157","Calamar","13140","base.co","base.state_co_04"
"158","Cantagallo","13160","base.co","base.state_co_04"
"159","Cicuco","13188","base.co","base.state_co_04"
"160","Córdoba","13212","base.co","base.state_co_04"
"161","Clemencia","13222","base.co","base.state_co_04"
"162","El Carmen De Bolívar","13244","base.co","base.state_co_04"
"163","El Guamo ","13248","base.co","base.state_co_04"
"164","El Peñón ","13268","base.co","base.state_co_04"
"165","Hatillo De Loba","13300","base.co","base.state_co_04"
"166","Magangué","13430","base.co","base.state_co_04"
"167","Mahates","13433","base.co","base.state_co_04"
"168","Margarita","13440","base.co","base.state_co_04"
"169","María La Baja","13442","base.co","base.state_co_04"
"170","Montecristo","13458","base.co","base.state_co_04"
"171","Mompós","13468","base.co","base.state_co_04"
"172","Morales","13473","base.co","base.state_co_04"
"173","Norosí","13490","base.co","base.state_co_04"
"174","Pinillos","13549","base.co","base.state_co_04"
"175","Regidor","13580","base.co","base.state_co_04"
"176","Río Viejo ","13600","base.co","base.state_co_04"
"177","San Cristóbal ","13620","base.co","base.state_co_04"
"178","San Estanislao ","13647","base.co","base.state_co_04"
"179","San Fernando ","13650","base.co","base.state_co_04"
"180","San Jacinto ","13654","base.co","base.state_co_04"
"181","San Jacinto Del Cauca","13655","base.co","base.state_co_04"
"182","San Juan Nepomuceno","13657","base.co","base.state_co_04"
"183","San Martín De Loba","13667","base.co","base.state_co_04"
"184","San Pablo ","13670","base.co","base.state_co_04"
"185","Santa Catalina ","13673","base.co","base.state_co_04"
"186","Santa Rosa ","13683","base.co","base.state_co_04"
"187","Santa Rosa Del Sur","13688","base.co","base.state_co_04"
"188","Simití","13744","base.co","base.state_co_04"
"189","Soplaviento","13760","base.co","base.state_co_04"
"190","Talaigua Nuevo ","13780","base.co","base.state_co_04"
"191","Tiquisio","13810","base.co","base.state_co_04"
"192","Turbaco","13836","base.co","base.state_co_04"
"193","Turbaná","13838","base.co","base.state_co_04"
"194","Villanueva","13873","base.co","base.state_co_04"
"195","Zambrano","13894","base.co","base.state_co_04"
"196","Tunja","15001","base.co","base.state_co_05"
"197","Almeida","15022","base.co","base.state_co_05"
"198","Aquitania","15047","base.co","base.state_co_05"
"199","Arcabuco","15051","base.co","base.state_co_05"
"200","Belén","15087","base.co","base.state_co_05"
"201","Berbeo","15090","base.co","base.state_co_05"
"202","Betéitiva","15092","base.co","base.state_co_05"
"203","Boavita","15097","base.co","base.state_co_05"
"204","Boyacá","15104","base.co","base.state_co_05"
"205","Briceño","15106","base.co","base.state_co_05"
"206","Buenavista","15109","base.co","base.state_co_05"
"207","Busbanzá","15114","base.co","base.state_co_05"
"208","Caldas","15131","base.co","base.state_co_05"
"209","Campohermoso","15135","base.co","base.state_co_05"
"210","Cerinza","15162","base.co","base.state_co_05"
"211","Chinavita","15172","base.co","base.state_co_05"
"212","Chiquinquirá","15176","base.co","base.state_co_05"
"213","Chiscas","15180","base.co","base.state_co_05"
"214","Chita","15183","base.co","base.state_co_05"
"215","Chitaraque","15185","base.co","base.state_co_05"
"216","Chivatá","15187","base.co","base.state_co_05"
"217","Ciénega","15189","base.co","base.state_co_05"
"218","Cómbita","15204","base.co","base.state_co_05"
"219","Coper","15212","base.co","base.state_co_05"
"220","Corrales","15215","base.co","base.state_co_05"
"221","Covarachía","15218","base.co","base.state_co_05"
"222","Cubará","15223","base.co","base.state_co_05"
"223","Cucaita","15224","base.co","base.state_co_05"
"224","Cuítiva","15226","base.co","base.state_co_05"
"225","Chíquiza","15232","base.co","base.state_co_05"
"226","Chivor","15236","base.co","base.state_co_05"
"227","Duitama","15238","base.co","base.state_co_05"
"228","El Cocuy ","15244","base.co","base.state_co_05"
"229","El Espino ","15248","base.co","base.state_co_05"
"230","Firavitoba","15272","base.co","base.state_co_05"
"231","Floresta","15276","base.co","base.state_co_05"
"232","Gachantivá","15293","base.co","base.state_co_05"
"233","Gámeza","15296","base.co","base.state_co_05"
"234","Garagoa","15299","base.co","base.state_co_05"
"235","Guacamayas","15317","base.co","base.state_co_05"
"236","Guateque","15322","base.co","base.state_co_05"
"237","Guayatá","15325","base.co","base.state_co_05"
"238","Güicán De La Sierra","15332","base.co","base.state_co_05"
"239","Iza","15362","base.co","base.state_co_05"
"240","Jenesano","15367","base.co","base.state_co_05"
"241","Jericó","15368","base.co","base.state_co_05"
"242","Labranzagrande","15377","base.co","base.state_co_05"
"243","La Capilla ","15380","base.co","base.state_co_05"
"244","La Victoria ","15401","base.co","base.state_co_05"
"245","La Uvita ","15403","base.co","base.state_co_05"
"246","Villa De Leyva","15407","base.co","base.state_co_05"
"247","Macanal","15425","base.co","base.state_co_05"
"248","Maripí","15442","base.co","base.state_co_05"
"249","Miraflores","15455","base.co","base.state_co_05"
"250","Mongua","15464","base.co","base.state_co_05"
"251","Monguí","15466","base.co","base.state_co_05"
"252","Moniquirá","15469","base.co","base.state_co_05"
"253","Motavita","15476","base.co","base.state_co_05"
"254","Muzo","15480","base.co","base.state_co_05"
"255","Nobsa","15491","base.co","base.state_co_05"
"256","Nuevo Colón ","15494","base.co","base.state_co_05"
"257","Oicatá","15500","base.co","base.state_co_05"
"258","Otanche","15507","base.co","base.state_co_05"
"259","Pachavita","15511","base.co","base.state_co_05"
"260","Páez","15514","base.co","base.state_co_05"
"261","Paipa","15516","base.co","base.state_co_05"
"262","Pajarito","15518","base.co","base.state_co_05"
"263","Panqueba","15522","base.co","base.state_co_05"
"264","Pauna","15531","base.co","base.state_co_05"
"265","Paya","15533","base.co","base.state_co_05"
"266","Paz De Río","15537","base.co","base.state_co_05"
"267","Pesca","15542","base.co","base.state_co_05"
"268","Pisba","15550","base.co","base.state_co_05"
"269","Puerto Boyacá ","15572","base.co","base.state_co_05"
"270","Quípama","15580","base.co","base.state_co_05"
"271","Ramiriquí","15599","base.co","base.state_co_05"
"272","Ráquira","15600","base.co","base.state_co_05"
"273","Rondón","15621","base.co","base.state_co_05"
"274","Saboyá","15632","base.co","base.state_co_05"
"275","Sáchica","15638","base.co","base.state_co_05"
"276","Samacá","15646","base.co","base.state_co_05"
"277","San Eduardo ","15660","base.co","base.state_co_05"
"278","San José De Pare","15664","base.co","base.state_co_05"
"279","San Luis De Gaceno","15667","base.co","base.state_co_05"
"280","San Mateo ","15673","base.co","base.state_co_05"
"281","San Miguel De Sema","15676","base.co","base.state_co_05"
"282","San Pablo De Borbur","15681","base.co","base.state_co_05"
"283","Santana","15686","base.co","base.state_co_05"
"284","Santa María ","15690","base.co","base.state_co_05"
"285","Santa Rosa De Viterbo","15693","base.co","base.state_co_05"
"286","Santa Sofía ","15696","base.co","base.state_co_05"
"287","Sativanorte","15720","base.co","base.state_co_05"
"288","Sativasur","15723","base.co","base.state_co_05"
"289","Siachoque","15740","base.co","base.state_co_05"
"290","Soatá","15753","base.co","base.state_co_05"
"291","Socotá","15755","base.co","base.state_co_05"
"292","Socha","15757","base.co","base.state_co_05"
"293","Sogamoso","15759","base.co","base.state_co_05"
"294","Somondoco","15761","base.co","base.state_co_05"
"295","Sora","15762","base.co","base.state_co_05"
"296","Sotaquirá","15763","base.co","base.state_co_05"
"297","Soracá","15764","base.co","base.state_co_05"
"298","Susacón","15774","base.co","base.state_co_05"
"299","Sutamarchán","15776","base.co","base.state_co_05"
"300","Sutatenza","15778","base.co","base.state_co_05"
"301","Tasco","15790","base.co","base.state_co_05"
"302","Tenza","15798","base.co","base.state_co_05"
"303","Tibaná","15804","base.co","base.state_co_05"
"304","Tibasosa","15806","base.co","base.state_co_05"
"305","Tinjacá","15808","base.co","base.state_co_05"
"306","Tipacoque","15810","base.co","base.state_co_05"
"307","Toca","15814","base.co","base.state_co_05"
"308","Togüí","15816","base.co","base.state_co_05"
"309","Tópaga","15820","base.co","base.state_co_05"
"310","Tota","15822","base.co","base.state_co_05"
"311","Tununguá","15832","base.co","base.state_co_05"
"312","Turmequé","15835","base.co","base.state_co_05"
"313","Tuta","15837","base.co","base.state_co_05"
"314","Tutazá","15839","base.co","base.state_co_05"
"315","Úmbita","15842","base.co","base.state_co_05"
"316","Ventaquemada","15861","base.co","base.state_co_05"
"317","Viracachá","15879","base.co","base.state_co_05"
"318","Zetaquira","15897","base.co","base.state_co_05"
"319","Manizales","17001","base.co","base.state_co_06"
"320","Aguadas","17013","base.co","base.state_co_06"
"321","Anserma","17042","base.co","base.state_co_06"
"322","Aranzazu","17050","base.co","base.state_co_06"
"323","Belalcázar","17088","base.co","base.state_co_06"
"324","Chinchiná","17174","base.co","base.state_co_06"
"325","Filadelfia","17272","base.co","base.state_co_06"
"326","La Dorada ","17380","base.co","base.state_co_06"
"327","La Merced ","17388","base.co","base.state_co_06"
"328","Manzanares","17433","base.co","base.state_co_06"
"329","Marmato","17442","base.co","base.state_co_06"
"330","Marquetalia","17444","base.co","base.state_co_06"
"331","Marulanda","17446","base.co","base.state_co_06"
"332","Neira","17486","base.co","base.state_co_06"
"333","Norcasia","17495","base.co","base.state_co_06"
"334","Pácora","17513","base.co","base.state_co_06"
"335","Palestina","17524","base.co","base.state_co_06"
"336","Pensilvania","17541","base.co","base.state_co_06"
"337","Riosucio","17614","base.co","base.state_co_06"
"338","Risaralda","17616","base.co","base.state_co_06"
"339","Salamina","17653","base.co","base.state_co_06"
"340","Samaná","17662","base.co","base.state_co_06"
"341","San José ","17665","base.co","base.state_co_06"
"342","Supía","17777","base.co","base.state_co_06"
"343","Victoria","17867","base.co","base.state_co_06"
"344","Villamaría","17873","base.co","base.state_co_06"
"345","Viterbo","17877","base.co","base.state_co_06"
"346","Florencia","18001","base.co","base.state_co_07"
"347","Albania","18029","base.co","base.state_co_07"
"348","Belén De Los Andaquíes","18094","base.co","base.state_co_07"
"349","Cartagena Del Chairá","18150","base.co","base.state_co_07"
"350","Curillo","18205","base.co","base.state_co_07"
"351","El Doncello ","18247","base.co","base.state_co_07"
"352","El Paujíl ","18256","base.co","base.state_co_07"
"353","La Montañita ","18410","base.co","base.state_co_07"
"354","Milán","18460","base.co","base.state_co_07"
"355","Morelia","18479","base.co","base.state_co_07"
"356","Puerto Rico ","18592","base.co","base.state_co_07"
"357","San José Del Fragua","18610","base.co","base.state_co_07"
"358","San Vicente Del Caguán","18753","base.co","base.state_co_07"
"359","Solano","18756","base.co","base.state_co_07"
"360","Solita","18785","base.co","base.state_co_07"
"361","Valparaíso","18860","base.co","base.state_co_07"
"362","Popayán","19001","base.co","base.state_co_08"
"363","Almaguer","19022","base.co","base.state_co_08"
"364","Argelia","19050","base.co","base.state_co_08"
"365","Balboa","19075","base.co","base.state_co_08"
"366","Bolívar","19100","base.co","base.state_co_08"
"367","Buenos Aires ","19110","base.co","base.state_co_08"
"368","Cajibío","19130","base.co","base.state_co_08"
"369","Caldono","19137","base.co","base.state_co_08"
"370","Caloto","19142","base.co","base.state_co_08"
"371","Corinto","19212","base.co","base.state_co_08"
"372","El Tambo ","19256","base.co","base.state_co_08"
"373","Florencia","19290","base.co","base.state_co_08"
"374","Guachené","19300","base.co","base.state_co_08"
"375","Guapí","19318","base.co","base.state_co_08"
"376","Inzá","19355","base.co","base.state_co_08"
"377","Jambaló","19364","base.co","base.state_co_08"
"378","La Sierra ","19392","base.co","base.state_co_08"
"379","La Vega ","19397","base.co","base.state_co_08"
"380","López De Micay","19418","base.co","base.state_co_08"
"381","Mercaderes","19450","base.co","base.state_co_08"
"382","Miranda","19455","base.co","base.state_co_08"
"383","Morales","19473","base.co","base.state_co_08"
"384","Padilla","19513","base.co","base.state_co_08"
"385","Páez","19517","base.co","base.state_co_08"
"386","Patía","19532","base.co","base.state_co_08"
"387","Piamonte","19533","base.co","base.state_co_08"
"388","Piendamó - Tunía","19548","base.co","base.state_co_08"
"389","Puerto Tejada ","19573","base.co","base.state_co_08"
"390","Puracé","19585","base.co","base.state_co_08"
"391","Rosas","19622","base.co","base.state_co_08"
"392","San Sebastián ","19693","base.co","base.state_co_08"
"393","Santander De Quilichao","19698","base.co","base.state_co_08"
"394","Santa Rosa ","19701","base.co","base.state_co_08"
"395","Silvia","19743","base.co","base.state_co_08"
"396","Sotara","19760","base.co","base.state_co_08"
"397","Suárez","19780","base.co","base.state_co_08"
"398","Sucre","19785","base.co","base.state_co_08"
"399","Timbío","19807","base.co","base.state_co_08"
"400","Timbiquí","19809","base.co","base.state_co_08"
"401","Toribío","19821","base.co","base.state_co_08"
"402","Totoró","19824","base.co","base.state_co_08"
"403","Villa Rica ","19845","base.co","base.state_co_08"
"404","Valledupar","20001","base.co","base.state_co_09"
"405","Aguachica","20011","base.co","base.state_co_09"
"406","Agustín Codazzi ","20013","base.co","base.state_co_09"
"407","Astrea","20032","base.co","base.state_co_09"
"408","Becerril","20045","base.co","base.state_co_09"
"409","Bosconia","20060","base.co","base.state_co_09"
"410","Chimichagua","20175","base.co","base.state_co_09"
"411","Chiriguaná","20178","base.co","base.state_co_09"
"412","Curumaní","20228","base.co","base.state_co_09"
"413","El Copey ","20238","base.co","base.state_co_09"
"414","El Paso ","20250","base.co","base.state_co_09"
"415","Gamarra","20295","base.co","base.state_co_09"
"416","González","20310","base.co","base.state_co_09"
"417","La Gloria ","20383","base.co","base.state_co_09"
"418","La Jagua De Ibirico","20400","base.co","base.state_co_09"
"419","Manaure Balcón Del Cesar","20443","base.co","base.state_co_09"
"420","Pailitas","20517","base.co","base.state_co_09"
"421","Pelaya","20550","base.co","base.state_co_09"
"422","Pueblo Bello ","20570","base.co","base.state_co_09"
"423","Río De Oro","20614","base.co","base.state_co_09"
"424","La Paz ","20621","base.co","base.state_co_09"
"425","San Alberto ","20710","base.co","base.state_co_09"
"426","San Diego ","20750","base.co","base.state_co_09"
"427","San Martín ","20770","base.co","base.state_co_09"
"428","Tamalameque","20787","base.co","base.state_co_09"
"429","Montería","23001","base.co","base.state_co_10"
"430","Ayapel","23068","base.co","base.state_co_10"
"431","Buenavista","23079","base.co","base.state_co_10"
"432","Canalete","23090","base.co","base.state_co_10"
"433","Cereté","23162","base.co","base.state_co_10"
"434","Chimá","23168","base.co","base.state_co_10"
"435","Chinú","23182","base.co","base.state_co_10"
"436","Ciénaga De Oro","23189","base.co","base.state_co_10"
"437","Cotorra","23300","base.co","base.state_co_10"
"438","La Apartada ","23350","base.co","base.state_co_10"
"439","Lorica","23417","base.co","base.state_co_10"
"440","Los Córdobas ","23419","base.co","base.state_co_10"
"441","Momil","23464","base.co","base.state_co_10"
"442","Montelíbano","23466","base.co","base.state_co_10"
"443","Moñitos","23500","base.co","base.state_co_10"
"444","Planeta Rica ","23555","base.co","base.state_co_10"
"445","Pueblo Nuevo ","23570","base.co","base.state_co_10"
"446","Puerto Escondido ","23574","base.co","base.state_co_10"
"447","Puerto Libertador ","23580","base.co","base.state_co_10"
"448","Purísima De La Concepción","23586","base.co","base.state_co_10"
"449","Sahagún","23660","base.co","base.state_co_10"
"450","San Andrés De Sotavento","23670","base.co","base.state_co_10"
"451","San Antero ","23672","base.co","base.state_co_10"
"452","San Bernardo Del Viento","23675","base.co","base.state_co_10"
"453","San Carlos ","23678","base.co","base.state_co_10"
"454","San José De Uré","23682","base.co","base.state_co_10"
"455","San Pelayo ","23686","base.co","base.state_co_10"
"456","Tierralta","23807","base.co","base.state_co_10"
"457","Tuchín","23815","base.co","base.state_co_10"
"458","Valencia","23855","base.co","base.state_co_10"
"459","Agua De Dios","25001","base.co","base.state_co_11"
"460","Albán","25019","base.co","base.state_co_11"
"461","Anapoima","25035","base.co","base.state_co_11"
"462","Anolaima","25040","base.co","base.state_co_11"
"463","Arbeláez","25053","base.co","base.state_co_11"
"464","Beltrán","25086","base.co","base.state_co_11"
"465","Bituima","25095","base.co","base.state_co_11"
"466","Bojacá","25099","base.co","base.state_co_11"
"467","Cabrera","25120","base.co","base.state_co_11"
"468","Cachipay","25123","base.co","base.state_co_11"
"469","Cajicá","25126","base.co","base.state_co_11"
"470","Caparrapí","25148","base.co","base.state_co_11"
"471","Cáqueza","25151","base.co","base.state_co_11"
"472","Carmen De Carupa","25154","base.co","base.state_co_11"
"473","Chaguaní","25168","base.co","base.state_co_11"
"474","Chía","25175","base.co","base.state_co_11"
"475","Chipaque","25178","base.co","base.state_co_11"
"476","Choachí","25181","base.co","base.state_co_11"
"477","Chocontá","25183","base.co","base.state_co_11"
"478","Cogua","25200","base.co","base.state_co_11"
"479","Cota","25214","base.co","base.state_co_11"
"480","Cucunubá","25224","base.co","base.state_co_11"
"481","El Colegio ","25245","base.co","base.state_co_11"
"482","El Peñón ","25258","base.co","base.state_co_11"
"483","El Rosal ","25260","base.co","base.state_co_11"
"484","Facatativá","25269","base.co","base.state_co_11"
"485","Fómeque","25279","base.co","base.state_co_11"
"486","Fosca","25281","base.co","base.state_co_11"
"487","Funza","25286","base.co","base.state_co_11"
"488","Fúquene","25288","base.co","base.state_co_11"
"489","Fusagasugá","25290","base.co","base.state_co_11"
"490","Gachalá","25293","base.co","base.state_co_11"
"491","Gachancipá","25295","base.co","base.state_co_11"
"492","Gachetá","25297","base.co","base.state_co_11"
"493","Gama","25299","base.co","base.state_co_11"
"494","Girardot","25307","base.co","base.state_co_11"
"495","Granada","25312","base.co","base.state_co_11"
"496","Guachetá","25317","base.co","base.state_co_11"
"497","Guaduas","25320","base.co","base.state_co_11"
"498","Guasca","25322","base.co","base.state_co_11"
"499","Guataquí","25324","base.co","base.state_co_11"
"500","Guatavita","25326","base.co","base.state_co_11"
"501","Guayabal De Síquima","25328","base.co","base.state_co_11"
"502","Guayabetal","25335","base.co","base.state_co_11"
"503","Gutiérrez","25339","base.co","base.state_co_11"
"504","Jerusalén","25368","base.co","base.state_co_11"
"505","Junín","25372","base.co","base.state_co_11"
"506","La Calera ","25377","base.co","base.state_co_11"
"507","La Mesa ","25386","base.co","base.state_co_11"
"508","La Palma ","25394","base.co","base.state_co_11"
"509","La Peña ","25398","base.co","base.state_co_11"
"510","La Vega ","25402","base.co","base.state_co_11"
"511","Lenguazaque","25407","base.co","base.state_co_11"
"512","Machetá","25426","base.co","base.state_co_11"
"513","Madrid","25430","base.co","base.state_co_11"
"514","Manta","25436","base.co","base.state_co_11"
"515","Medina","25438","base.co","base.state_co_11"
"516","Mosquera","25473","base.co","base.state_co_11"
"517","Nariño","25483","base.co","base.state_co_11"
"518","Nemocón","25486","base.co","base.state_co_11"
"519","Nilo","25488","base.co","base.state_co_11"
"520","Nimaima","25489","base.co","base.state_co_11"
"521","Nocaima","25491","base.co","base.state_co_11"
"522","Venecia","25506","base.co","base.state_co_11"
"523","Pacho","25513","base.co","base.state_co_11"
"524","Paime","25518","base.co","base.state_co_11"
"525","Pandi","25524","base.co","base.state_co_11"
"526","Paratebueno","25530","base.co","base.state_co_11"
"527","Pasca","25535","base.co","base.state_co_11"
"528","Puerto Salgar ","25572","base.co","base.state_co_11"
"529","Pulí","25580","base.co","base.state_co_11"
"530","Quebradanegra","25592","base.co","base.state_co_11"
"531","Quetame","25594","base.co","base.state_co_11"
"532","Quipile","25596","base.co","base.state_co_11"
"533","Apulo","25599","base.co","base.state_co_11"
"534","Ricaurte","25612","base.co","base.state_co_11"
"535","San Antonio Del Tequendama","25645","base.co","base.state_co_11"
"536","San Bernardo ","25649","base.co","base.state_co_11"
"537","San Cayetano ","25653","base.co","base.state_co_11"
"538","San Francisco ","25658","base.co","base.state_co_11"
"539","San Juan De Rioseco","25662","base.co","base.state_co_11"
"540","Sasaima","25718","base.co","base.state_co_11"
"541","Sesquilé","25736","base.co","base.state_co_11"
"542","Sibaté","25740","base.co","base.state_co_11"
"543","Silvania","25743","base.co","base.state_co_11"
"544","Simijaca","25745","base.co","base.state_co_11"
"545","Soacha","25754","base.co","base.state_co_11"
"546","Sopó","25758","base.co","base.state_co_11"
"547","Subachoque","25769","base.co","base.state_co_11"
"548","Suesca","25772","base.co","base.state_co_11"
"549","Supatá","25777","base.co","base.state_co_11"
"550","Susa","25779","base.co","base.state_co_11"
"551","Sutatausa","25781","base.co","base.state_co_11"
"552","Tabio","25785","base.co","base.state_co_11"
"553","Tausa","25793","base.co","base.state_co_11"
"554","Tena","25797","base.co","base.state_co_11"
"555","Tenjo","25799","base.co","base.state_co_11"
"556","Tibacuy","25805","base.co","base.state_co_11"
"557","Tibirita","25807","base.co","base.state_co_11"
"558","Tocaima","25815","base.co","base.state_co_11"
"559","Tocancipá","25817","base.co","base.state_co_11"
"560","Topaipí","25823","base.co","base.state_co_11"
"561","Ubalá","25839","base.co","base.state_co_11"
"562","Ubaque","25841","base.co","base.state_co_11"
"563","Villa De San Diego De Ubaté","25843","base.co","base.state_co_11"
"564","Une","25845","base.co","base.state_co_11"
"565","Útica","25851","base.co","base.state_co_11"
"566","Vergara","25862","base.co","base.state_co_11"
"567","Vianí","25867","base.co","base.state_co_11"
"568","Villagómez","25871","base.co","base.state_co_11"
"569","Villapinzón","25873","base.co","base.state_co_11"
"570","Villeta","25875","base.co","base.state_co_11"
"571","Viotá","25878","base.co","base.state_co_11"
"572","Yacopí","25885","base.co","base.state_co_11"
"573","Zipacón","25898","base.co","base.state_co_11"
"574","Zipaquirá","25899","base.co","base.state_co_11"
"575","Quibdó","27001","base.co","base.state_co_12"
"576","Acandí","27006","base.co","base.state_co_12"
"577","Alto Baudó ","27025","base.co","base.state_co_12"
"578","Atrato","27050","base.co","base.state_co_12"
"579","Bagadó","27073","base.co","base.state_co_12"
"580","Bahía Solano ","27075","base.co","base.state_co_12"
"581","Bajo Baudó ","27077","base.co","base.state_co_12"
"582","Bojayá","27099","base.co","base.state_co_12"
"583","El Cantón Del San Pablo ","27135","base.co","base.state_co_12"
"584","Carmen Del Darién","27150","base.co","base.state_co_12"
"585","Cértegui","27160","base.co","base.state_co_12"
"586","Condoto","27205","base.co","base.state_co_12"
"587","El Carmen De Atrato","27245","base.co","base.state_co_12"
"588","El Litoral Del San Juan ","27250","base.co","base.state_co_12"
"589","Istmina","27361","base.co","base.state_co_12"
"590","Juradó","27372","base.co","base.state_co_12"
"591","Lloró","27413","base.co","base.state_co_12"
"592","Medio Atrato ","27425","base.co","base.state_co_12"
"593","Medio Baudó ","27430","base.co","base.state_co_12"
"594","Medio San Juan","27450","base.co","base.state_co_12"
"595","Nóvita","27491","base.co","base.state_co_12"
"596","Nuquí","27495","base.co","base.state_co_12"
"597","Río Iró ","27580","base.co","base.state_co_12"
"598","Río Quito ","27600","base.co","base.state_co_12"
"599","Riosucio","27615","base.co","base.state_co_12"
"600","San José Del Palmar","27660","base.co","base.state_co_12"
"601","Sipí","27745","base.co","base.state_co_12"
"602","Tadó","27787","base.co","base.state_co_12"
"603","Unguía","27800","base.co","base.state_co_12"
"604","Unión Panamericana ","27810","base.co","base.state_co_12"
"605","Neiva","41001","base.co","base.state_co_13"
"606","Acevedo","41006","base.co","base.state_co_13"
"607","Agrado","41013","base.co","base.state_co_13"
"608","Aipe","41016","base.co","base.state_co_13"
"609","Algeciras","41020","base.co","base.state_co_13"
"610","Altamira","41026","base.co","base.state_co_13"
"611","Baraya","41078","base.co","base.state_co_13"
"612","Campoalegre","41132","base.co","base.state_co_13"
"613","Colombia","41206","base.co","base.state_co_13"
"614","Elías","41244","base.co","base.state_co_13"
"615","Garzón","41298","base.co","base.state_co_13"
"616","Gigante","41306","base.co","base.state_co_13"
"617","Guadalupe","41319","base.co","base.state_co_13"
"618","Hobo","41349","base.co","base.state_co_13"
"619","Íquira","41357","base.co","base.state_co_13"
"620","Isnos","41359","base.co","base.state_co_13"
"621","La Argentina ","41378","base.co","base.state_co_13"
"622","La Plata ","41396","base.co","base.state_co_13"
"623","Nátaga","41483","base.co","base.state_co_13"
"624","Oporapa","41503","base.co","base.state_co_13"
"625","Paicol","41518","base.co","base.state_co_13"
"626","Palermo","41524","base.co","base.state_co_13"
"627","Palestina","41530","base.co","base.state_co_13"
"628","Pital","41548","base.co","base.state_co_13"
"629","Pitalito","41551","base.co","base.state_co_13"
"630","Rivera","41615","base.co","base.state_co_13"
"631","Saladoblanco","41660","base.co","base.state_co_13"
"632","San Agustín ","41668","base.co","base.state_co_13"
"633","Santa María ","41676","base.co","base.state_co_13"
"634","Suaza","41770","base.co","base.state_co_13"
"635","Tarqui","41791","base.co","base.state_co_13"
"636","Tesalia","41797","base.co","base.state_co_13"
"637","Tello","41799","base.co","base.state_co_13"
"638","Teruel","41801","base.co","base.state_co_13"
"639","Timaná","41807","base.co","base.state_co_13"
"640","Villavieja","41872","base.co","base.state_co_13"
"641","Yaguará","41885","base.co","base.state_co_13"
"642","Riohacha","44001","base.co","base.state_co_14"
"643","Albania","44035","base.co","base.state_co_14"
"644","Barrancas","44078","base.co","base.state_co_14"
"645","Dibulla","44090","base.co","base.state_co_14"
"646","Distracción","44098","base.co","base.state_co_14"
"647","El Molino ","44110","base.co","base.state_co_14"
"648","Fonseca","44279","base.co","base.state_co_14"
"649","Hatonuevo","44378","base.co","base.state_co_14"
"650","La Jagua Del Pilar","44420","base.co","base.state_co_14"
"651","Maicao","44430","base.co","base.state_co_14"
"652","Manaure","44560","base.co","base.state_co_14"
"653","San Juan Del Cesar","44650","base.co","base.state_co_14"
"654","Uribia","44847","base.co","base.state_co_14"
"655","Urumita","44855","base.co","base.state_co_14"
"656","Villanueva","44874","base.co","base.state_co_14"
"657","Santa Marta ","47001","base.co","base.state_co_15"
"658","Algarrobo","47030","base.co","base.state_co_15"
"659","Aracataca","47053","base.co","base.state_co_15"
"660","Ariguaní","47058","base.co","base.state_co_15"
"661","Cerro De San Antonio","47161","base.co","base.state_co_15"
"662","Chivolo","47170","base.co","base.state_co_15"
"663","Ciénaga","47189","base.co","base.state_co_15"
"664","Concordia","47205","base.co","base.state_co_15"
"665","El Banco ","47245","base.co","base.state_co_15"
"666","El Piñón ","47258","base.co","base.state_co_15"
"667","El Retén ","47268","base.co","base.state_co_15"
"668","Fundación","47288","base.co","base.state_co_15"
"669","Guamal","47318","base.co","base.state_co_15"
"670","Nueva Granada ","47460","base.co","base.state_co_15"
"671","Pedraza","47541","base.co","base.state_co_15"
"672","Pijiño Del Carmen","47545","base.co","base.state_co_15"
"673","Pivijay","47551","base.co","base.state_co_15"
"674","Plato","47555","base.co","base.state_co_15"
"675","Puebloviejo","47570","base.co","base.state_co_15"
"676","Remolino","47605","base.co","base.state_co_15"
"677","Sabanas De San Ángel","47660","base.co","base.state_co_15"
"678","Salamina","47675","base.co","base.state_co_15"
"679","San Sebastián De Buenavista","47692","base.co","base.state_co_15"
"680","San Zenón ","47703","base.co","base.state_co_15"
"681","Santa Ana ","47707","base.co","base.state_co_15"
"682","Santa Bárbara De Pinto","47720","base.co","base.state_co_15"
"683","Sitionuevo","47745","base.co","base.state_co_15"
"684","Tenerife","47798","base.co","base.state_co_15"
"685","Zapayán","47960","base.co","base.state_co_15"
"686","Zona Bananera ","47980","base.co","base.state_co_15"
"687","Villavicencio","50001","base.co","base.state_co_16"
"688","Acacías","50006","base.co","base.state_co_16"
"689","Barranca De Upía","50110","base.co","base.state_co_16"
"690","Cabuyaro","50124","base.co","base.state_co_16"
"691","Castilla La Nueva","50150","base.co","base.state_co_16"
"692","Cubarral","50223","base.co","base.state_co_16"
"693","Cumaral","50226","base.co","base.state_co_16"
"694","El Calvario ","50245","base.co","base.state_co_16"
"695","El Castillo ","50251","base.co","base.state_co_16"
"696","El Dorado ","50270","base.co","base.state_co_16"
"697","Fuente De Oro","50287","base.co","base.state_co_16"
"698","Granada","50313","base.co","base.state_co_16"
"699","Guamal","50318","base.co","base.state_co_16"
"700","Mapiripán","50325","base.co","base.state_co_16"
"701","Mesetas","50330","base.co","base.state_co_16"
"702","La Macarena ","50350","base.co","base.state_co_16"
"703","Uribe","50370","base.co","base.state_co_16"
"704","Lejanías","50400","base.co","base.state_co_16"
"705","Puerto Concordia ","50450","base.co","base.state_co_16"
"706","Puerto Gaitán ","50568","base.co","base.state_co_16"
"707","Puerto López ","50573","base.co","base.state_co_16"
"708","Puerto Lleras ","50577","base.co","base.state_co_16"
"709","Puerto Rico ","50590","base.co","base.state_co_16"
"710","Restrepo","50606","base.co","base.state_co_16"
"711","San Carlos De Guaroa","50680","base.co","base.state_co_16"
"712","San Juan De Arama","50683","base.co","base.state_co_16"
"713","San Juanito ","50686","base.co","base.state_co_16"
"714","San Martín ","50689","base.co","base.state_co_16"
"715","Vistahermosa","50711","base.co","base.state_co_16"
"716","Pasto","52001","base.co","base.state_co_17"
"717","Albán","52019","base.co","base.state_co_17"
"718","Aldana","52022","base.co","base.state_co_17"
"719","Ancuyá","52036","base.co","base.state_co_17"
"720","Arboleda","52051","base.co","base.state_co_17"
"721","Barbacoas","52079","base.co","base.state_co_17"
"722","Belén","52083","base.co","base.state_co_17"
"723","Buesaco","52110","base.co","base.state_co_17"
"724","Colón","52203","base.co","base.state_co_17"
"725","Consacá","52207","base.co","base.state_co_17"
"726","Contadero","52210","base.co","base.state_co_17"
"727","Córdoba","52215","base.co","base.state_co_17"
"728","Cuaspúd","52224","base.co","base.state_co_17"
"729","Cumbal","52227","base.co","base.state_co_17"
"730","Cumbitara","52233","base.co","base.state_co_17"
"731","Chachagüí","52240","base.co","base.state_co_17"
"732","El Charco ","52250","base.co","base.state_co_17"
"733","El Peñol ","52254","base.co","base.state_co_17"
"734","El Rosario ","52256","base.co","base.state_co_17"
"735","El Tablón De Gómez","52258","base.co","base.state_co_17"
"736","El Tambo ","52260","base.co","base.state_co_17"
"737","Funes","52287","base.co","base.state_co_17"
"738","Guachucal","52317","base.co","base.state_co_17"
"739","Guaitarilla","52320","base.co","base.state_co_17"
"740","Gualmatán","52323","base.co","base.state_co_17"
"741","Iles","52352","base.co","base.state_co_17"
"742","Imués","52354","base.co","base.state_co_17"
"743","Ipiales","52356","base.co","base.state_co_17"
"744","La Cruz ","52378","base.co","base.state_co_17"
"745","La Florida ","52381","base.co","base.state_co_17"
"746","La Llanada ","52385","base.co","base.state_co_17"
"747","La Tola ","52390","base.co","base.state_co_17"
"748","La Unión ","52399","base.co","base.state_co_17"
"749","Leiva","52405","base.co","base.state_co_17"
"750","Linares","52411","base.co","base.state_co_17"
"751","Los Andes ","52418","base.co","base.state_co_17"
"752","Magüí","52427","base.co","base.state_co_17"
"753","Mallama","52435","base.co","base.state_co_17"
"754","Mosquera","52473","base.co","base.state_co_17"
"755","Nariño","52480","base.co","base.state_co_17"
"756","Olaya Herrera ","52490","base.co","base.state_co_17"
"757","Ospina","52506","base.co","base.state_co_17"
"758","Francisco Pizarro ","52520","base.co","base.state_co_17"
"759","Policarpa","52540","base.co","base.state_co_17"
"760","Potosí","52560","base.co","base.state_co_17"
"761","Providencia","52565","base.co","base.state_co_17"
"762","Puerres","52573","base.co","base.state_co_17"
"763","Pupiales","52585","base.co","base.state_co_17"
"764","Ricaurte","52612","base.co","base.state_co_17"
"765","Roberto Payán ","52621","base.co","base.state_co_17"
"766","Samaniego","52678","base.co","base.state_co_17"
"767","Sandoná","52683","base.co","base.state_co_17"
"768","San Bernardo ","52685","base.co","base.state_co_17"
"769","San Lorenzo ","52687","base.co","base.state_co_17"
"770","San Pablo ","52693","base.co","base.state_co_17"
"771","San Pedro De Cartago","52694","base.co","base.state_co_17"
"772","Santa Bárbara ","52696","base.co","base.state_co_17"
"773","Santacruz","52699","base.co","base.state_co_17"
"774","Sapuyes","52720","base.co","base.state_co_17"
"775","Taminango","52786","base.co","base.state_co_17"
"776","Tangua","52788","base.co","base.state_co_17"
"777","San Andrés De Tumaco","52835","base.co","base.state_co_17"
"778","Túquerres","52838","base.co","base.state_co_17"
"779","Yacuanquer","52885","base.co","base.state_co_17"
"780","San José De Cúcuta","54001","base.co","base.state_co_18"
"781","Ábrego","54003","base.co","base.state_co_18"
"782","Arboledas","54051","base.co","base.state_co_18"
"783","Bochalema","54099","base.co","base.state_co_18"
"784","Bucarasica","54109","base.co","base.state_co_18"
"785","Cácota","54125","base.co","base.state_co_18"
"786","Cáchira","54128","base.co","base.state_co_18"
"787","Chinácota","54172","base.co","base.state_co_18"
"788","Chitagá","54174","base.co","base.state_co_18"
"789","Convención","54206","base.co","base.state_co_18"
"790","Cucutilla","54223","base.co","base.state_co_18"
"791","Durania","54239","base.co","base.state_co_18"
"792","El Carmen ","54245","base.co","base.state_co_18"
"793","El Tarra ","54250","base.co","base.state_co_18"
"794","El Zulia ","54261","base.co","base.state_co_18"
"795","Gramalote","54313","base.co","base.state_co_18"
"796","Hacarí","54344","base.co","base.state_co_18"
"797","Herrán","54347","base.co","base.state_co_18"
"798","Labateca","54377","base.co","base.state_co_18"
"799","La Esperanza ","54385","base.co","base.state_co_18"
"800","La Playa ","54398","base.co","base.state_co_18"
"801","Los Patios ","54405","base.co","base.state_co_18"
"802","Lourdes","54418","base.co","base.state_co_18"
"803","Mutiscua","54480","base.co","base.state_co_18"
"804","Ocaña","54498","base.co","base.state_co_18"
"805","Pamplona","54518","base.co","base.state_co_18"
"806","Pamplonita","54520","base.co","base.state_co_18"
"807","Puerto Santander ","54553","base.co","base.state_co_18"
"808","Ragonvalia","54599","base.co","base.state_co_18"
"809","Salazar","54660","base.co","base.state_co_18"
"810","San Calixto ","54670","base.co","base.state_co_18"
"811","San Cayetano ","54673","base.co","base.state_co_18"
"812","Santiago","54680","base.co","base.state_co_18"
"813","Sardinata","54720","base.co","base.state_co_18"
"814","Silos","54743","base.co","base.state_co_18"
"815","Teorama","54800","base.co","base.state_co_18"
"816","Tibú","54810","base.co","base.state_co_18"
"817","Toledo","54820","base.co","base.state_co_18"
"818","Villa Caro ","54871","base.co","base.state_co_18"
"819","Villa Del Rosario","54874","base.co","base.state_co_18"
"820","Armenia","63001","base.co","base.state_co_19"
"821","Buenavista","63111","base.co","base.state_co_19"
"822","Calarcá","63130","base.co","base.state_co_19"
"823","Circasia","63190","base.co","base.state_co_19"
"824","Córdoba","63212","base.co","base.state_co_19"
"825","Filandia","63272","base.co","base.state_co_19"
"826","Génova","63302","base.co","base.state_co_19"
"827","La Tebaida ","63401","base.co","base.state_co_19"
"828","Montenegro","63470","base.co","base.state_co_19"
"829","Pijao","63548","base.co","base.state_co_19"
"830","Quimbaya","63594","base.co","base.state_co_19"
"831","Salento","63690","base.co","base.state_co_19"
"832","Pereira","66001","base.co","base.state_co_20"
"833","Apía","66045","base.co","base.state_co_20"
"834","Balboa","66075","base.co","base.state_co_20"
"835","Belén De Umbría","66088","base.co","base.state_co_20"
"836","Dosquebradas","66170","base.co","base.state_co_20"
"837","Guática","66318","base.co","base.state_co_20"
"838","La Celia ","66383","base.co","base.state_co_20"
"839","La Virginia ","66400","base.co","base.state_co_20"
"840","Marsella","66440","base.co","base.state_co_20"
"841","Mistrató","66456","base.co","base.state_co_20"
"842","Pueblo Rico ","66572","base.co","base.state_co_20"
"843","Quinchía","66594","base.co","base.state_co_20"
"844","Santa Rosa De Cabal","66682","base.co","base.state_co_20"
"845","Santuario","66687","base.co","base.state_co_20"
"846","Bucaramanga","68001","base.co","base.state_co_21"
"847","Aguada","68013","base.co","base.state_co_21"
"848","Albania","68020","base.co","base.state_co_21"
"849","Aratoca","68051","base.co","base.state_co_21"
"850","Barbosa","68077","base.co","base.state_co_21"
"851","Barichara","68079","base.co","base.state_co_21"
"852","Barrancabermeja","68081","base.co","base.state_co_21"
"853","Betulia","68092","base.co","base.state_co_21"
"854","Bolívar","68101","base.co","base.state_co_21"
"855","Cabrera","68121","base.co","base.state_co_21"
"856","California","68132","base.co","base.state_co_21"
"857","Capitanejo","68147","base.co","base.state_co_21"
"858","Carcasí","68152","base.co","base.state_co_21"
"859","Cepitá","68160","base.co","base.state_co_21"
"860","Cerrito","68162","base.co","base.state_co_21"
"861","Charalá","68167","base.co","base.state_co_21"
"862","Charta","68169","base.co","base.state_co_21"
"863","Chima","68176","base.co","base.state_co_21"
"864","Chipatá","68179","base.co","base.state_co_21"
"865","Cimitarra","68190","base.co","base.state_co_21"
"866","Concepción","68207","base.co","base.state_co_21"
"867","Confines","68209","base.co","base.state_co_21"
"868","Contratación","68211","base.co","base.state_co_21"
"869","Coromoro","68217","base.co","base.state_co_21"
"870","Curití","68229","base.co","base.state_co_21"
"871","El Carmen De Chucurí","68235","base.co","base.state_co_21"
"872","El Guacamayo ","68245","base.co","base.state_co_21"
"873","El Peñón ","68250","base.co","base.state_co_21"
"874","El Playón ","68255","base.co","base.state_co_21"
"875","Encino","68264","base.co","base.state_co_21"
"876","Enciso","68266","base.co","base.state_co_21"
"877","Florián","68271","base.co","base.state_co_21"
"878","Floridablanca","68276","base.co","base.state_co_21"
"879","Galán","68296","base.co","base.state_co_21"
"880","Gámbita","68298","base.co","base.state_co_21"
"881","Girón","68307","base.co","base.state_co_21"
"882","Guaca","68318","base.co","base.state_co_21"
"883","Guadalupe","68320","base.co","base.state_co_21"
"884","Guapotá","68322","base.co","base.state_co_21"
"885","Guavatá","68324","base.co","base.state_co_21"
"886","Güepsa","68327","base.co","base.state_co_21"
"887","Hato","68344","base.co","base.state_co_21"
"888","Jesús María ","68368","base.co","base.state_co_21"
"889","Jordán","68370","base.co","base.state_co_21"
"890","La Belleza ","68377","base.co","base.state_co_21"
"891","Landázuri","68385","base.co","base.state_co_21"
"892","La Paz ","68397","base.co","base.state_co_21"
"893","Lebrija","68406","base.co","base.state_co_21"
"894","Los Santos ","68418","base.co","base.state_co_21"
"895","Macaravita","68425","base.co","base.state_co_21"
"896","Málaga","68432","base.co","base.state_co_21"
"897","Matanza","68444","base.co","base.state_co_21"
"898","Mogotes","68464","base.co","base.state_co_21"
"899","Molagavita","68468","base.co","base.state_co_21"
"900","Ocamonte","68498","base.co","base.state_co_21"
"901","Oiba","68500","base.co","base.state_co_21"
"902","Onzaga","68502","base.co","base.state_co_21"
"903","Palmar","68522","base.co","base.state_co_21"
"904","Palmas Del Socorro","68524","base.co","base.state_co_21"
"905","Páramo","68533","base.co","base.state_co_21"
"906","Piedecuesta","68547","base.co","base.state_co_21"
"907","Pinchote","68549","base.co","base.state_co_21"
"908","Puente Nacional ","68572","base.co","base.state_co_21"
"909","Puerto Parra ","68573","base.co","base.state_co_21"
"910","Puerto Wilches ","68575","base.co","base.state_co_21"
"911","Rionegro","68615","base.co","base.state_co_21"
"912","Sabana De Torres","68655","base.co","base.state_co_21"
"913","San Andrés ","68669","base.co","base.state_co_21"
"914","San Benito ","68673","base.co","base.state_co_21"
"915","San Gil ","68679","base.co","base.state_co_21"
"916","San Joaquín ","68682","base.co","base.state_co_21"
"917","San José De Miranda","68684","base.co","base.state_co_21"
"918","San Miguel ","68686","base.co","base.state_co_21"
"919","San Vicente De Chucurí","68689","base.co","base.state_co_21"
"920","Santa Bárbara ","68705","base.co","base.state_co_21"
"921","Santa Helena Del Opón","68720","base.co","base.state_co_21"
"922","Simacota","68745","base.co","base.state_co_21"
"923","Socorro","68755","base.co","base.state_co_21"
"924","Suaita","68770","base.co","base.state_co_21"
"925","Sucre","68773","base.co","base.state_co_21"
"926","Suratá","68780","base.co","base.state_co_21"
"927","Tona","68820","base.co","base.state_co_21"
"928","Valle De San José","68855","base.co","base.state_co_21"
"929","Vélez","68861","base.co","base.state_co_21"
"930","Vetas","68867","base.co","base.state_co_21"
"931","Villanueva","68872","base.co","base.state_co_21"
"932","Zapatoca","68895","base.co","base.state_co_21"
"933","Sincelejo","70001","base.co","base.state_co_22"
"934","Buenavista","70110","base.co","base.state_co_22"
"935","Caimito","70124","base.co","base.state_co_22"
"936","Colosó","70204","base.co","base.state_co_22"
"937","Corozal","70215","base.co","base.state_co_22"
"938","Coveñas","70221","base.co","base.state_co_22"
"939","Chalán","70230","base.co","base.state_co_22"
"940","El Roble ","70233","base.co","base.state_co_22"
"941","Galeras","70235","base.co","base.state_co_22"
"942","Guaranda","70265","base.co","base.state_co_22"
"943","La Unión ","70400","base.co","base.state_co_22"
"944","Los Palmitos ","70418","base.co","base.state_co_22"
"945","Majagual","70429","base.co","base.state_co_22"
"946","Morroa","70473","base.co","base.state_co_22"
"947","Ovejas","70508","base.co","base.state_co_22"
"948","Palmito","70523","base.co","base.state_co_22"
"949","Sampués","70670","base.co","base.state_co_22"
"950","San Benito Abad","70678","base.co","base.state_co_22"
"951","San Juan De Betulia","70702","base.co","base.state_co_22"
"952","San Marcos ","70708","base.co","base.state_co_22"
"953","San Onofre ","70713","base.co","base.state_co_22"
"954","San Pedro ","70717","base.co","base.state_co_22"
"955","San Luis De Sincé","70742","base.co","base.state_co_22"
"956","Sucre","70771","base.co","base.state_co_22"
"957","Santiago De Tolú","70820","base.co","base.state_co_22"
"958","Tolú Viejo ","70823","base.co","base.state_co_22"
"959","Ibagué","73001","base.co","base.state_co_23"
"960","Alpujarra","73024","base.co","base.state_co_23"
"961","Alvarado","73026","base.co","base.state_co_23"
"962","Ambalema","73030","base.co","base.state_co_23"
"963","Anzoátegui","73043","base.co","base.state_co_23"
"964","Armero","73055","base.co","base.state_co_23"
"965","Ataco","73067","base.co","base.state_co_23"
"966","Cajamarca","73124","base.co","base.state_co_23"
"967","Carmen De Apicalá","73148","base.co","base.state_co_23"
"968","Casabianca","73152","base.co","base.state_co_23"
"969","Chaparral","73168","base.co","base.state_co_23"
"970","Coello","73200","base.co","base.state_co_23"
"971","Coyaima","73217","base.co","base.state_co_23"
"972","Cunday","73226","base.co","base.state_co_23"
"973","Dolores","73236","base.co","base.state_co_23"
"974","Espinal","73268","base.co","base.state_co_23"
"975","Falan","73270","base.co","base.state_co_23"
"976","Flandes","73275","base.co","base.state_co_23"
"977","Fresno","73283","base.co","base.state_co_23"
"978","Guamo","73319","base.co","base.state_co_23"
"979","Herveo","73347","base.co","base.state_co_23"
"980","Honda","73349","base.co","base.state_co_23"
"981","Icononzo","73352","base.co","base.state_co_23"
"982","Lérida","73408","base.co","base.state_co_23"
"983","Líbano","73411","base.co","base.state_co_23"
"984","San Sebastián De Mariquita","73443","base.co","base.state_co_23"
"985","Melgar","73449","base.co","base.state_co_23"
"986","Murillo","73461","base.co","base.state_co_23"
"987","Natagaima","73483","base.co","base.state_co_23"
"988","Ortega","73504","base.co","base.state_co_23"
"989","Palocabildo","73520","base.co","base.state_co_23"
"990","Piedras","73547","base.co","base.state_co_23"
"991","Planadas","73555","base.co","base.state_co_23"
"992","Prado","73563","base.co","base.state_co_23"
"993","Purificación","73585","base.co","base.state_co_23"
"994","Rioblanco","73616","base.co","base.state_co_23"
"995","Roncesvalles","73622","base.co","base.state_co_23"
"996","Rovira","73624","base.co","base.state_co_23"
"997","Saldaña","73671","base.co","base.state_co_23"
"998","San Antonio ","73675","base.co","base.state_co_23"
"999","San Luis ","73678","base.co","base.state_co_23"
"1000","Santa Isabel ","73686","base.co","base.state_co_23"
"1001","Suárez","73770","base.co","base.state_co_23"
"1002","Valle De San Juan","73854","base.co","base.state_co_23"
"1003","Venadillo","73861","base.co","base.state_co_23"
"1004","Villahermosa","73870","base.co","base.state_co_23"
"1005","Villarrica","73873","base.co","base.state_co_23"
"1006","Cali","76001","base.co","base.state_co_24"
"1007","Alcalá","76020","base.co","base.state_co_24"
"1008","Andalucía","76036","base.co","base.state_co_24"
"1009","Ansermanuevo","76041","base.co","base.state_co_24"
"1010","Argelia","76054","base.co","base.state_co_24"
"1011","Bolívar","76100","base.co","base.state_co_24"
"1012","Buenaventura","76109","base.co","base.state_co_24"
"1013","Guadalajara De Buga","76111","base.co","base.state_co_24"
"1014","Bugalagrande","76113","base.co","base.state_co_24"
"1015","Caicedonia","76122","base.co","base.state_co_24"
"1016","Calima","76126","base.co","base.state_co_24"
"1017","Candelaria","76130","base.co","base.state_co_24"
"1018","Cartago","76147","base.co","base.state_co_24"
"1019","Dagua","76233","base.co","base.state_co_24"
"1020","El Águila ","76243","base.co","base.state_co_24"
"1021","El Cairo ","76246","base.co","base.state_co_24"
"1022","El Cerrito ","76248","base.co","base.state_co_24"
"1023","El Dovio ","76250","base.co","base.state_co_24"
"1024","Florida","76275","base.co","base.state_co_24"
"1025","Ginebra","76306","base.co","base.state_co_24"
"1026","Guacarí","76318","base.co","base.state_co_24"
"1027","Jamundí","76364","base.co","base.state_co_24"
"1028","La Cumbre ","76377","base.co","base.state_co_24"
"1029","La Unión ","76400","base.co","base.state_co_24"
"1030","La Victoria ","76403","base.co","base.state_co_24"
"1031","Obando","76497","base.co","base.state_co_24"
"1032","Palmira","76520","base.co","base.state_co_24"
"1033","Pradera","76563","base.co","base.state_co_24"
"1034","Restrepo","76606","base.co","base.state_co_24"
"1035","Riofrío","76616","base.co","base.state_co_24"
"1036","Roldanillo","76622","base.co","base.state_co_24"
"1037","San Pedro ","76670","base.co","base.state_co_24"
"1038","Sevilla","76736","base.co","base.state_co_24"
"1039","Toro","76823","base.co","base.state_co_24"
"1040","Trujillo","76828","base.co","base.state_co_24"
"1041","Tuluá","76834","base.co","base.state_co_24"
"1042","Ulloa","76845","base.co","base.state_co_24"
"1043","Versalles","76863","base.co","base.state_co_24"
"1044","Vijes","76869","base.co","base.state_co_24"
"1045","Yotoco","76890","base.co","base.state_co_24"
"1046","Yumbo","76892","base.co","base.state_co_24"
"1047","Zarzal","76895","base.co","base.state_co_24"
"1048","Arauca","81001","base.co","base.state_co_25"
"1049","Arauquita","81065","base.co","base.state_co_25"
"1050","Cravo Norte ","81220","base.co","base.state_co_25"
"1051","Fortul","81300","base.co","base.state_co_25"
"1052","Puerto Rondón ","81591","base.co","base.state_co_25"
"1053","Saravena","81736","base.co","base.state_co_25"
"1054","Tame","81794","base.co","base.state_co_25"
"1055","Yopal","85001","base.co","base.state_co_26"
"1056","Aguazul","85010","base.co","base.state_co_26"
"1057","Chámeza","85015","base.co","base.state_co_26"
"1058","Hato Corozal ","85125","base.co","base.state_co_26"
"1059","La Salina ","85136","base.co","base.state_co_26"
"1060","Maní","85139","base.co","base.state_co_26"
"1061","Monterrey","85162","base.co","base.state_co_26"
"1062","Nunchía","85225","base.co","base.state_co_26"
"1063","Orocué","85230","base.co","base.state_co_26"
"1064","Paz De Ariporo","85250","base.co","base.state_co_26"
"1065","Pore","85263","base.co","base.state_co_26"
"1066","Recetor","85279","base.co","base.state_co_26"
"1067","Sabanalarga","85300","base.co","base.state_co_26"
"1068","Sácama","85315","base.co","base.state_co_26"
"1069","San Luis De Palenque","85325","base.co","base.state_co_26"
"1070","Támara","85400","base.co","base.state_co_26"
"1071","Tauramena","85410","base.co","base.state_co_26"
"1072","Trinidad","85430","base.co","base.state_co_26"
"1073","Villanueva","85440","base.co","base.state_co_26"
"1074","Mocoa","86001","base.co","base.state_co_27"
"1075","Colón","86219","base.co","base.state_co_27"
"1076","Orito","86320","base.co","base.state_co_27"
"1077","Puerto Asís ","86568","base.co","base.state_co_27"
"1078","Puerto Caicedo ","86569","base.co","base.state_co_27"
"1079","Puerto Guzmán ","86571","base.co","base.state_co_27"
"1080","Puerto Leguízamo ","86573","base.co","base.state_co_27"
"1081","Sibundoy","86749","base.co","base.state_co_27"
"1082","San Francisco ","86755","base.co","base.state_co_27"
"1083","San Miguel ","86757","base.co","base.state_co_27"
"1084","Santiago","86760","base.co","base.state_co_27"
"1085","Valle Del Guamuez","86865","base.co","base.state_co_27"
"1086","Villagarzón","86885","base.co","base.state_co_27"
"1087","San Andrés ","88001","base.co","base.state_co_28"
"1088","Providencia","88564","base.co","base.state_co_28"
"1089","Leticia","91001","base.co","base.state_co_29"
"1090","El Encanto ","91263","base.co","base.state_co_29"
"1091","La Chorrera ","91405","base.co","base.state_co_29"
"1092","La Pedrera ","91407","base.co","base.state_co_29"
"1093","La Victoria ","91430","base.co","base.state_co_29"
"1094","Mirití - Paraná","91460","base.co","base.state_co_29"
"1095","Puerto Alegría ","91530","base.co","base.state_co_29"
"1096","Puerto Arica ","91536","base.co","base.state_co_29"
"1097","Puerto Nariño ","91540","base.co","base.state_co_29"
"1098","Puerto Santander ","91669","base.co","base.state_co_29"
"1099","Tarapacá","91798","base.co","base.state_co_29"
"1100","Inírida","94001","base.co","base.state_co_30"
"1101","Barranco Minas ","94343","base.co","base.state_co_30"
"1102","Mapiripana","94663","base.co","base.state_co_30"
"1103","San Felipe ","94883","base.co","base.state_co_30"
"1104","Puerto Colombia ","94884","base.co","base.state_co_30"
"1105","La Guadalupe ","94885","base.co","base.state_co_30"
"1106","Cacahual","94886","base.co","base.state_co_30"
"1107","Pana Pana ","94887","base.co","base.state_co_30"
"1108","Morichal","94888","base.co","base.state_co_30"
"1109","San José Del Guaviare","95001","base.co","base.state_co_31"
"1110","Calamar","95015","base.co","base.state_co_31"
"1111","El Retorno ","95025","base.co","base.state_co_31"
"1112","Miraflores","95200","base.co","base.state_co_31"
"1113","Mitú","97001","base.co","base.state_co_32"
"1114","Carurú","97161","base.co","base.state_co_32"
"1115","Pacoa","97511","base.co","base.state_co_32"
"1116","Taraira","97666","base.co","base.state_co_32"
"1117","Papunahua","97777","base.co","base.state_co_32"
"1118","Yavaraté","97889","base.co","base.state_co_32"
"1119","Puerto Carreño ","99001","base.co","base.state_co_33"
"1120","La Primavera ","99524","base.co","base.state_co_33"
"1121","Santa Rosalía ","99624","base.co","base.state_co_33"
"1122","Cumaribo","99773","base.co","base.state_co_33"
